SET SQL_MODE = "NO_AUTO_VALUE_ON_ZERO";
SET time_zone = "+00:00";

DELIMITER ;

CREATE DATABASE IF NOT EXISTS zipcode;

USE zipcode;



CREATE TABLE IF NOT EXISTS `cantones` (
  `cacodigo` int(4) unsigned zerofill NOT NULL COMMENT 'Código Cantón Único',
  `cacanton` int(2) unsigned zerofill NOT NULL COMMENT 'Código Cantón',
  `canombre` varchar(30) COLLATE latin1_spanish_ci NOT NULL COMMENT 'Nombre de Cantón',
  `cacodpro` int(2) unsigned zerofill NOT NULL COMMENT 'Provincia',
  PRIMARY KEY (`cacodigo`),
  KEY `cacanton` (`cacanton`,`canombre`,`cacodpro`),
  KEY `cacodpro` (`cacodpro`)
) ENGINE=InnoDB DEFAULT CHARSET=latin1 COLLATE=latin1_spanish_ci COMMENT='Cantones de Costa Rica';

INSERT INTO `cantones` (`cacodigo`, `cacanton`, `canombre`, `cacodpro`) VALUES
(0201, 01, 'Alajuela', 02),
(0301, 01, 'Cartago', 03),
(0401, 01, 'Heredia', 04),
(0501, 01, 'Liberia', 05),
(0701, 01, 'Limon', 07),
(0601, 01, 'Puntarenas', 06),
(0101, 01, 'San Jose', 01),
(0402, 02, 'Barva', 04),
(0102, 02, 'Escazu', 01),
(0602, 02, 'Esparza', 06),
(0502, 02, 'Nicoya', 05),
(0302, 02, 'Paraiso', 03),
(0702, 02, 'Pococí', 07),
(0202, 02, 'San Ramon', 02),
(0603, 03, 'Buenos Aires', 06),
(0103, 03, 'Desamparados', 01),
(0203, 03, 'Grecia', 02),
(0303, 03, 'La Union', 03),
(0503, 03, 'Santa Cruz', 05),
(0403, 03, 'Santo Domingo', 04),
(0703, 03, 'Siquirres', 07),
(0504, 04, 'Bagaces', 05),
(0304, 04, 'Jimenez', 03),
(0604, 04, 'Montes de Oro', 06),
(0104, 04, 'Puriscal', 01),
(0204, 04, 'San Mateo', 02),
(0404, 04, 'Santa Barbara', 04),
(0704, 04, 'Talamanca', 07),
(0205, 05, 'Atenas', 02),
(0505, 05, 'Carrillo', 05),
(0705, 05, 'Matina', 07),
(0605, 05, 'Osa', 06),
(0405, 05, 'San Rafael', 04),
(0105, 05, 'Tarrazu', 01),
(0305, 05, 'Turrialba', 03),
(0606, 06, 'Aguirre', 06),
(0306, 06, 'Alvarado', 03),
(0106, 06, 'Aserri', 01),
(0506, 06, 'Cañas', 05),
(0706, 06, 'Guacimo', 07),
(0206, 06, 'Naranjo', 02),
(0406, 06, 'San Isidro', 04),
(0507, 07, 'Abangares', 05),
(0407, 07, 'Belen', 04),
(0607, 07, 'Golfito', 06),
(0107, 07, 'Mora', 01),
(0307, 07, 'Oreamuno', 03),
(0207, 07, 'Palmares', 02),
(0608, 08, 'Coto Brus', 06),
(0308, 08, 'El Guarco', 03),
(0408, 08, 'Flores', 04),
(0108, 08, 'Goicoechea', 01),
(0208, 08, 'Poas', 02),
(0508, 08, 'Tilaran', 05),
(0509, 09, 'Nandayure', 05),
(0209, 09, 'Orotina', 02),
(0609, 09, 'Parrita', 06),
(0409, 09, 'San Pablo', 04),
(0109, 09, 'Santa Ana', 01),
(0110, 10, 'Alajuelita', 01),
(0610, 10, 'Corredores', 06),
(0510, 10, 'La Cruz', 05),
(0210, 10, 'San Carlos', 02),
(0410, 10, 'Sarapiqui', 04),
(0211, 11, 'Alfaro Ruiz', 02),
(0611, 11, 'Garabito', 06),
(0511, 11, 'Hojancha', 05),
(0111, 11, 'Vazquez de Coronado', 01),
(0112, 12, 'Acosta', 01),
(0212, 12, 'Valverde Vega', 02),
(0113, 13, 'Tibas', 01),
(0213, 13, 'Upala', 02),
(0214, 14, 'Los Chiles', 02),
(0114, 14, 'Moravia', 01),
(0215, 15, 'Guatuso', 02),
(0115, 15, 'Montes de Oca', 01),
(0116, 16, 'Turrubares', 01),
(0117, 17, 'Dota', 01),
(0118, 18, 'Curridabat', 01),
(0119, 19, 'Perez Zeledon', 01),
(0120, 20, 'Leon Cortes', 01);

CREATE TABLE IF NOT EXISTS `distritos` (
  `dicodigo` int(5) unsigned zerofill NOT NULL COMMENT 'Código Postal',
  `dinombre` varchar(30) COLLATE latin1_spanish_ci NOT NULL COMMENT 'Nombre del Distrito',
  `dicodcan` int(4) unsigned zerofill NOT NULL COMMENT 'Código del Cantón',
  `dicodpro` int(2) unsigned zerofill NOT NULL COMMENT 'Código de Provincia',
  PRIMARY KEY (`dicodigo`),
  KEY `dinombre` (`dinombre`),
  KEY `dicodcan` (`dicodcan`),
  KEY `dicodpro` (`dicodpro`)
) ENGINE=InnoDB DEFAULT CHARSET=latin1 COLLATE=latin1_spanish_ci COMMENT='Distritos';

INSERT INTO `distritos` (`dicodigo`, `dinombre`, `dicodcan`, `dicodpro`) VALUES
(10101, 'Carmen', 0101, 01),
(10102, 'Merced', 0101, 01),
(10103, 'Hospital', 0101, 01),
(10104, 'Catedral', 0101, 01),
(10105, 'Zapote', 0101, 01),
(10106, 'San Francisco de Dos Rios', 0101, 01),
(10107, 'Uruca', 0101, 01),
(10108, 'Mata Redonda', 0101, 01),
(10109, 'Pavas', 0101, 01),
(10110, 'Hatillo', 0101, 01),
(10111, 'San Sebastian', 0101, 01),
(10201, 'Escazu', 0102, 01),
(10202, 'San Antonio', 0102, 01),
(10203, 'San Rafael', 0102, 01),
(10301, 'Desamparados', 0103, 01),
(10302, 'San Miguel', 0103, 01),
(10303, 'San Juan de Dios', 0103, 01),
(10304, 'San Rafael Arriba', 0103, 01),
(10305, 'San Antonio', 0103, 01),
(10306, 'Frailes', 0103, 01),
(10307, 'Patarra', 0103, 01),
(10308, 'San Cristobal', 0103, 01),
(10309, 'Rosario', 0103, 01),
(10310, 'Damas', 0103, 01),
(10311, 'San Rafael Abajo', 0103, 01),
(10312, 'Gravilias', 0103, 01),
(10313, 'Los Guido', 0103, 01),
(10401, 'Santiago', 0104, 01),
(10402, 'Mercedes Sur', 0104, 01),
(10403, 'Barbacoas', 0104, 01),
(10404, 'Grifo Alto', 0104, 01),
(10405, 'San Rafael', 0104, 01),
(10406, 'Candelaria', 0104, 01),
(10407, 'Desamparaditos', 0104, 01),
(10408, 'San Antonio', 0104, 01),
(10409, 'Chires', 0104, 01),
(10501, 'San Marcos', 0105, 01),
(10502, 'San Lorenzo', 0105, 01),
(10503, 'San Carlos', 0105, 01),
(10601, 'Aserri', 0106, 01),
(10602, 'Tarbaca', 0106, 01),
(10603, 'Vuelta de Jorco', 0106, 01),
(10604, 'San Gabriel', 0106, 01),
(10605, 'Legua', 0106, 01),
(10606, 'Monterrey', 0106, 01),
(10607, 'Salitrillos', 0106, 01),
(10701, 'Colon', 0107, 01),
(10702, 'Guayabo', 0107, 01),
(10703, 'Tabarcia', 0107, 01),
(10704, 'Piedras Negras', 0107, 01),
(10705, 'Picagres', 0107, 01),
(10801, 'Guadalupe', 0108, 01),
(10802, 'San Francisco', 0108, 01),
(10803, 'Calle Blancos', 0108, 01),
(10804, 'Mata de Platano', 0108, 01),
(10805, 'Ipis', 0108, 01),
(10806, 'Rancho Redondo', 0108, 01),
(10807, 'Purral', 0108, 01),
(10901, 'Santa Ana', 0109, 01),
(10902, 'Salitral', 0109, 01),
(10903, 'Pozos', 0109, 01),
(10904, 'Uruca', 0109, 01),
(10905, 'Piedades', 0109, 01),
(10906, 'Brasil', 0109, 01),
(11001, 'Alajuelita', 0110, 01),
(11002, 'San Josecito', 0110, 01),
(11003, 'San Antonio', 0110, 01),
(11004, 'Concepcion', 0110, 01),
(11005, 'San Felipe', 0110, 01),
(11101, 'San Isidro', 0111, 01),
(11102, 'San Rafael', 0111, 01),
(11103, 'Dulce Nombre de Jesus', 0111, 01),
(11104, 'Patalillo', 0111, 01),
(11105, 'Cascajal', 0111, 01),
(11201, 'San Ignacio de Acosta', 0112, 01),
(11202, 'Guaitil', 0112, 01),
(11203, 'Palmichal', 0112, 01),
(11204, 'Cangrejal', 0112, 01),
(11205, 'Sabanillas', 0112, 01),
(11301, 'San Juan', 0113, 01),
(11302, 'Cinco esquinas', 0113, 01),
(11303, 'Anselmo Llorente', 0113, 01),
(11304, 'Leon XIII', 0113, 01),
(11305, 'Colima', 0113, 01),
(11401, 'San Vicente', 0114, 01),
(11402, 'San Jeronimo', 0114, 01),
(11403, 'Trinidad', 0114, 01),
(11501, 'San Pedro', 0115, 01),
(11502, 'Sabanilla', 0115, 01),
(11503, 'Mercedes', 0115, 01),
(11504, 'San Rafael', 0115, 01),
(11601, 'San Pablo', 0116, 01),
(11602, 'San Pedro', 0116, 01),
(11603, 'San Juan de Mata', 0116, 01),
(11604, 'San Luis', 0116, 01),
(11605, 'Carara', 0116, 01),
(11701, 'Santa Maria', 0117, 01),
(11702, 'Jardin', 0117, 01),
(11703, 'Copey', 0117, 01),
(11801, 'Curridabat', 0118, 01),
(11802, 'Granadilla', 0118, 01),
(11803, 'Sanchez', 0118, 01),
(11804, 'Tirrases', 0118, 01),
(11901, 'San Isidro del General', 0119, 01),
(11902, 'General', 0119, 01),
(11903, 'Daniel Flores', 0119, 01),
(11904, 'Rivas', 0119, 01),
(11905, 'San Pedro', 0119, 01),
(11906, 'Platanares', 0119, 01),
(11907, 'Pejibaye', 0119, 01),
(11908, 'Cajon', 0119, 01),
(11909, 'Baru', 0119, 01),
(11910, 'Rio Nuevo', 0119, 01),
(11911, 'Paramo', 0119, 01),
(12001, 'San Pablo', 0120, 01),
(12002, 'San Andres', 0120, 01),
(12003, 'Llano Bonito', 0120, 01),
(12004, 'San Isidro', 0120, 01),
(12005, 'Santa Cruz', 0120, 01),
(12006, 'San Antonio', 0120, 01),
(20101, 'Alajuela', 0201, 02),
(20102, 'San Jose', 0201, 02),
(20103, 'Carrizal', 0201, 02),
(20104, 'San Antonio', 0201, 02),
(20105, 'Guacima', 0201, 02),
(20106, 'San Isidro', 0201, 02),
(20107, 'Sabanilla', 0201, 02),
(20108, 'San Rafael', 0201, 02),
(20109, 'Rio Segundo', 0201, 02),
(20110, 'Desamparados', 0201, 02),
(20111, 'Turrucares', 0201, 02),
(20112, 'Tambor', 0201, 02),
(20113, 'Garita', 0201, 02),
(20114, 'Sarapiqui', 0201, 02),
(20201, 'San Ramon', 0202, 02),
(20202, 'Santiago', 0202, 02),
(20203, 'San Juan', 0202, 02),
(20204, 'Piedades Norte', 0202, 02),
(20205, 'Piedades Sur', 0202, 02),
(20206, 'San Rafael', 0202, 02),
(20207, 'San Isidro', 0202, 02),
(20208, 'angeles', 0202, 02),
(20209, 'Alfaro', 0202, 02),
(20210, 'Volio', 0202, 02),
(20211, 'Concepcion', 0202, 02),
(20212, 'Zapotal', 0202, 02),
(20213, 'Peñas Blancas', 0202, 02),
(20301, 'Grecia', 0203, 02),
(20302, 'San Isidro', 0203, 02),
(20303, 'San Jose', 0203, 02),
(20304, 'San Roque', 0203, 02),
(20305, 'Tacares', 0203, 02),
(20306, 'Rio Cuarto', 0203, 02),
(20307, 'Puente de Piedra', 0203, 02),
(20308, 'Bolivar', 0203, 02),
(20401, 'San Mateo', 0204, 02),
(20402, 'Desmonte', 0204, 02),
(20403, 'Jesus Maria', 0204, 02),
(20501, 'Atenas', 0205, 02),
(20502, 'Jesus', 0205, 02),
(20503, 'Mercedes', 0205, 02),
(20504, 'San Isidro', 0205, 02),
(20505, 'Concepcion', 0205, 02),
(20506, 'San Jose', 0205, 02),
(20507, 'Santa Eulalia', 0205, 02),
(20508, 'Escobal', 0205, 02),
(20601, 'Naranjo', 0206, 02),
(20602, 'San Miguel', 0206, 02),
(20603, 'San Jose', 0206, 02),
(20604, 'Cirri Sur', 0206, 02),
(20605, 'San Jeronimo', 0206, 02),
(20606, 'San Juan', 0206, 02),
(20607, 'Rosario', 0206, 02),
(20608, 'Palmitos', 0206, 02),
(20701, 'Palmares', 0207, 02),
(20702, 'Zaragoza', 0207, 02),
(20703, 'Buenos Aires', 0207, 02),
(20704, 'Santiago', 0207, 02),
(20705, 'Candelaria', 0207, 02),
(20706, 'Esquipulas', 0207, 02),
(20707, 'Granja', 0207, 02),
(20801, 'San Pedro', 0208, 02),
(20802, 'San Juan', 0208, 02),
(20803, 'San Rafael', 0208, 02),
(20804, 'Carrillos', 0208, 02),
(20805, 'Sabana Redonda', 0208, 02),
(20901, 'Orotina', 0209, 02),
(20902, 'Mastate', 0209, 02),
(20903, 'Hacienda Vieja', 0209, 02),
(20904, 'Coyolar', 0209, 02),
(20905, 'Ceiba', 0209, 02),
(21001, 'Quesada', 0210, 02),
(21002, 'Florencia', 0210, 02),
(21003, 'Buenavista', 0210, 02),
(21004, 'Aguas Zarcas', 0210, 02),
(21005, 'Venecia', 0210, 02),
(21006, 'Pital', 0210, 02),
(21007, 'Fortuna', 0210, 02),
(21008, 'Tigra', 0210, 02),
(21009, 'Palmera', 0210, 02),
(21010, 'Venado', 0210, 02),
(21011, 'Cutris', 0210, 02),
(21012, 'Monterrey', 0210, 02),
(21013, 'Pocosol', 0210, 02),
(21101, 'Zarcero', 0211, 02),
(21102, 'Laguna', 0211, 02),
(21103, 'Tapezco', 0211, 02),
(21104, 'Guadalupe', 0211, 02),
(21105, 'Palmira', 0211, 02),
(21106, 'Zapote', 0211, 02),
(21107, 'Brisas', 0211, 02),
(21201, 'Sarchi Norte', 0212, 02),
(21202, 'Sarchi Sur', 0212, 02),
(21203, 'Toro Amarillo', 0212, 02),
(21204, 'San Pedro', 0212, 02),
(21205, 'Rodriguez', 0212, 02),
(21301, 'Upala', 0213, 02),
(21302, 'Aguas Claras', 0213, 02),
(21303, 'San Jose (Pizote)', 0213, 02),
(21304, 'Bijagua', 0213, 02),
(21305, 'Delicias', 0213, 02),
(21306, 'Dos Rios', 0213, 02),
(21307, 'Yoliyllal', 0213, 02),
(21401, 'Los Chiles', 0214, 02),
(21402, 'Caño Negro', 0214, 02),
(21403, 'El Amparo', 0214, 02),
(21404, 'San Jorge', 0214, 02),
(21501, 'San Rafael', 0215, 02),
(21502, 'Buenavista', 0215, 02),
(21503, 'Cote', 0215, 02),
(21504, 'Katira', 0215, 02),
(30101, 'Oriental', 0301, 03),
(30102, 'Occidental', 0301, 03),
(30103, 'Carmen', 0301, 03),
(30104, 'San Nicolas', 0301, 03),
(30105, 'Aguacaliente (San Francisco)', 0301, 03),
(30106, 'Guadalupe (Arenilla)', 0301, 03),
(30107, 'Corralillo', 0301, 03),
(30108, 'Tierra Blanca', 0301, 03),
(30109, 'Dulce Nombre', 0301, 03),
(30110, 'Llano Grande', 0301, 03),
(30111, 'Quebradilla', 0301, 03),
(30201, 'Paraiso', 0302, 03),
(30202, 'Santiago', 0302, 03),
(30203, 'Orosi', 0302, 03),
(30204, 'Cachi', 0302, 03),
(30205, 'Llanos de Santa Lucia', 0302, 03),
(30301, 'Tres Rios', 0303, 03),
(30302, 'San Diego', 0303, 03),
(30303, 'San Juan', 0303, 03),
(30304, 'San Rafael', 0303, 03),
(30305, 'Concepcion', 0303, 03),
(30306, 'Dulce Nombre', 0303, 03),
(30307, 'San Ramon', 0303, 03),
(30308, 'Rio Azul', 0303, 03),
(30401, 'Juan Viñas', 0304, 03),
(30402, 'Tucurrique', 0304, 03),
(30403, 'Pejibaye', 0304, 03),
(30501, 'Turrialba', 0305, 03),
(30502, 'La Suiza', 0305, 03),
(30503, 'Peralta', 0305, 03),
(30504, 'Santa Cruz', 0305, 03),
(30505, 'Santa Teresita', 0305, 03),
(30506, 'Pavones', 0305, 03),
(30507, 'Tuis', 0305, 03),
(30508, 'Tayutic', 0305, 03),
(30509, 'Santa Rosa', 0305, 03),
(30510, 'Tres Equis', 0305, 03),
(30511, 'La Isabel', 0305, 03),
(30512, 'Chirripo', 0305, 03),
(30601, 'Pacayas', 0306, 03),
(30602, 'Cervantes', 0306, 03),
(30603, 'Capellades', 0306, 03),
(30701, 'San Rafael', 0307, 03),
(30702, 'Cot', 0307, 03),
(30703, 'Potrero Cerrado', 0307, 03),
(30704, 'Cipreses', 0307, 03),
(30705, 'Santa Rosa', 0307, 03),
(30801, 'Tejar', 0308, 03),
(30802, 'San Isidro', 0308, 03),
(30803, 'Tobosi', 0308, 03),
(30804, 'Patio de Agua', 0308, 03),
(40101, 'Heredia', 0401, 04),
(40102, 'Mercedes', 0401, 04),
(40103, 'San Francisco', 0401, 04),
(40104, 'Ulloa', 0401, 04),
(40105, 'Varablanca', 0401, 04),
(40201, 'Barva', 0402, 04),
(40202, 'San Pedro', 0402, 04),
(40203, 'San Pablo', 0402, 04),
(40204, 'San Roque', 0402, 04),
(40205, 'Santa Lucia', 0402, 04),
(40206, 'San Jose de la Montaña', 0402, 04),
(40301, 'Santo Domingo', 0403, 04),
(40302, 'San Vicente', 0403, 04),
(40303, 'San Miguel', 0403, 04),
(40304, 'Paracito', 0403, 04),
(40305, 'Santo Tomas', 0403, 04),
(40306, 'Santa Rosa', 0403, 04),
(40307, 'Tures', 0403, 04),
(40308, 'Para', 0403, 04),
(40401, 'Santa Barbara', 0404, 04),
(40402, 'San Pedro', 0404, 04),
(40403, 'San Juan', 0404, 04),
(40404, 'Jesus', 0404, 04),
(40405, 'Santo Domingo', 0404, 04),
(40406, 'Puraba', 0404, 04),
(40501, 'San Rafael', 0405, 04),
(40502, 'San Josecito', 0405, 04),
(40503, 'Santiago', 0405, 04),
(40504, 'angeles', 0405, 04),
(40505, 'Concepcion', 0405, 04),
(40601, 'San Isidro', 0406, 04),
(40602, 'San Jose', 0406, 04),
(40603, 'Concepcion', 0406, 04),
(40604, 'San Francisco', 0406, 04),
(40701, 'San Antonio', 0407, 04),
(40702, 'Ribera', 0407, 04),
(40703, 'Asuncion', 0407, 04),
(40801, 'San Joaquín de Flores', 0408, 04),
(40802, 'Barrantes', 0408, 04),
(40803, 'Llorente', 0408, 04),
(40901, 'San Pablo', 0409, 04),
(40902, 'Rincón de Sabanilla', 0409, 04),
(41001, 'Puerto Viejo', 0410, 04),
(41002, 'La Virgen', 0410, 04),
(41003, 'Horquetas', 0410, 04),
(41004, 'Llanuras del Gaspar', 0410, 04),
(41005, 'Cureña', 0410, 04),
(50101, 'Liberia', 0501, 05),
(50102, 'Cañas Dulces', 0501, 05),
(50103, 'Mayorga', 0501, 05),
(50104, 'Nacascolo', 0501, 05),
(50105, 'Curubande', 0501, 05),
(50201, 'Nicoya', 0502, 05),
(50202, 'Mansion', 0502, 05),
(50203, 'San Antonio', 0502, 05),
(50204, 'Quebrada Honda', 0502, 05),
(50205, 'Samara', 0502, 05),
(50206, 'Nosara', 0502, 05),
(50207, 'Belen de Nosarita', 0502, 05),
(50301, 'Santa Cruz', 0503, 05),
(50302, 'Bolson', 0503, 05),
(50303, 'Veintisiete de Abril', 0503, 05),
(50304, 'Tempate', 0503, 05),
(50305, 'Cartagena', 0503, 05),
(50306, 'Cuajiniquil', 0503, 05),
(50307, 'Diria', 0503, 05),
(50308, 'Cabo Velas', 0503, 05),
(50309, 'Tamarindo', 0503, 05),
(50401, 'Bagaces', 0504, 05),
(50402, 'Fortuna', 0504, 05),
(50403, 'Mogote', 0504, 05),
(50404, 'Rio Naranjo', 0504, 05),
(50501, 'Filadelfia', 0505, 05),
(50502, 'Palmira', 0505, 05),
(50503, 'Sardinal', 0505, 05),
(50504, 'Belen', 0505, 05),
(50601, 'Cañas', 0506, 05),
(50602, 'Palmira', 0506, 05),
(50603, 'San Miguel', 0506, 05),
(50604, 'Bebedero', 0506, 05),
(50605, 'Porozal', 0506, 05),
(50701, 'Juntas', 0507, 05),
(50702, 'Sierra', 0507, 05),
(50703, 'San Juan', 0507, 05),
(50704, 'Colorado', 0507, 05),
(50801, 'Tilaran', 0508, 05),
(50802, 'Quebrada Grande', 0508, 05),
(50803, 'Tronadora', 0508, 05),
(50804, 'Santa Rosa', 0508, 05),
(50805, 'Libano', 0508, 05),
(50806, 'Tierras Morenas', 0508, 05),
(50807, 'Arenal', 0508, 05),
(50901, 'Carmona', 0509, 05),
(50902, 'Santa Rita', 0509, 05),
(50903, 'Zapotal', 0509, 05),
(50904, 'San Pablo', 0509, 05),
(50905, 'Porvenir', 0509, 05),
(50906, 'Bejuco', 0509, 05),
(51001, 'La Cruz', 0510, 05),
(51002, 'Santa Cecilia', 0510, 05),
(51003, 'Garita', 0510, 05),
(51004, 'Santa Elena', 0510, 05),
(51101, 'Hojancha', 0511, 05),
(51102, 'Monte Romo', 0511, 05),
(51103, 'Puerto Carrillo', 0511, 05),
(51104, 'Huacas', 0511, 05),
(60101, 'Puntarenas', 0601, 06),
(60102, 'Pitahaya', 0601, 06),
(60103, 'Chomes', 0601, 06),
(60104, 'Lepanto', 0601, 06),
(60105, 'Paquera', 0601, 06),
(60106, 'Manzanillo', 0601, 06),
(60107, 'Guacimal', 0601, 06),
(60108, 'Barranca', 0601, 06),
(60109, 'Monte Verde', 0601, 06),
(60110, 'Isla del Coco', 0601, 06),
(60111, 'Cobano', 0601, 06),
(60112, 'Chacarita', 0601, 06),
(60113, 'Chira', 0601, 06),
(60114, 'Acapulco', 0601, 06),
(60115, 'El Roble', 0601, 06),
(60116, 'Arancibia', 0601, 06),
(60201, 'Espiritu Santo', 0602, 06),
(60202, 'San Juan Grande', 0602, 06),
(60203, 'Macacona', 0602, 06),
(60204, 'San Rafael', 0602, 06),
(60205, 'San Jeronimo', 0602, 06),
(60301, 'Buenos Aires', 0603, 06),
(60302, 'Volcan', 0603, 06),
(60303, 'Potrero Grande', 0603, 06),
(60304, 'Boruca', 0603, 06),
(60305, 'Pilas', 0603, 06),
(60306, 'Colinas', 0603, 06),
(60307, 'Changena', 0603, 06),
(60308, 'Briolley', 0603, 06),
(60309, 'Brunka', 0603, 06),
(60401, 'Miramar', 0604, 06),
(60402, 'Union', 0604, 06),
(60403, 'San Isidro', 0604, 06),
(60501, 'Puerto Cortes', 0605, 06),
(60502, 'Palmar', 0605, 06),
(60503, 'Sierpe', 0605, 06),
(60504, 'Bahia Ballena', 0605, 06),
(60505, 'Piedras Blancas', 0605, 06),
(60601, 'Quepos', 0606, 06),
(60602, 'Savegre', 0606, 06),
(60603, 'Naranjito', 0606, 06),
(60701, 'Golfito', 0607, 06),
(60702, 'Puerto Jimenez', 0607, 06),
(60703, 'Guaycara', 0607, 06),
(60704, 'Pavon', 0607, 06),
(60801, 'San Vito', 0608, 06),
(60802, 'Sabalito', 0608, 06),
(60803, 'Aguabuena', 0608, 06),
(60804, 'Limoncito', 0608, 06),
(60805, 'Pittier', 0608, 06),
(60901, 'Parrita', 0609, 06),
(61001, 'Corredor', 0610, 06),
(61002, 'La Cuesta', 0610, 06),
(61003, 'Canoas', 0610, 06),
(61004, 'Laurel', 0610, 06),
(61101, 'Jaco', 0611, 06),
(61102, 'Tarcoles', 0611, 06),
(70101, 'Limon', 0701, 07),
(70102, 'Valle La Estrella', 0701, 07),
(70103, 'Rio Blanco', 0701, 07),
(70104, 'Matama', 0701, 07),
(70201, 'Guapiles', 0702, 07),
(70202, 'Jimenez', 0702, 07),
(70203, 'Rita', 0702, 07),
(70204, 'Roxana', 0702, 07),
(70205, 'Cariari', 0702, 07),
(70206, 'Colorado', 0702, 07),
(70301, 'Siquirres', 0703, 07),
(70302, 'Pacuarito', 0703, 07),
(70303, 'Florida', 0703, 07),
(70304, 'Germania', 0703, 07),
(70305, 'Cairo', 0703, 07),
(70306, 'Alegria', 0703, 07),
(70401, 'Bratsi', 0704, 07),
(70402, 'Sixaola', 0704, 07),
(70403, 'Cahuita', 0704, 07),
(70404, 'Telire', 0704, 07),
(70501, 'Matina', 0705, 07),
(70502, 'Battan', 0705, 07),
(70503, 'Carrandi', 0705, 07),
(70601, 'Guacimo', 0706, 07),
(70602, 'Mercedes', 0706, 07),
(70603, 'Pocora', 0706, 07),
(70604, 'Rio Jimenez', 0706, 07),
(70605, 'Duacari', 0706, 07);

CREATE TABLE IF NOT EXISTS `provincias` (
  `prcodigo` int(2) unsigned zerofill NOT NULL COMMENT 'Código Provincia',
  `prnombre` varchar(25) COLLATE latin1_spanish_ci NOT NULL COMMENT 'Nombre de Provincia',
  PRIMARY KEY (`prcodigo`),
  KEY `prnombre` (`prnombre`)
) ENGINE=InnoDB DEFAULT CHARSET=latin1 COLLATE=latin1_spanish_ci COMMENT='Provincia de Costa Rica';

INSERT INTO `provincias` (`prcodigo`, `prnombre`) VALUES
(02, 'Alajuela'),
(03, 'Cartago'),
(05, 'Guanacaste'),
(04, 'Heredia'),
(07, 'Limón'),
(06, 'Puntarenas'),
(01, 'San José');


ALTER TABLE `cantones`
  ADD CONSTRAINT `cantones_ibfk_1` FOREIGN KEY (`cacodpro`) REFERENCES `provincias` (`prcodigo`);

ALTER TABLE `distritos`
  ADD CONSTRAINT `distritos_ibfk_1` FOREIGN KEY (`dicodcan`) REFERENCES `cantones` (`cacodigo`);
